Athlete,Age,Country,Year,Gold Medals,Silver Medals,Bronze Medals,Total Medals
A. J. Mleczko,26,United States,2002,0,1,0,1
Aaron Miller,30,United States,2002,0,1,0,1
Aaron Peirsol,25,United States,2008,2,1,0,3
Aaron Peirsol,21,United States,2004,3,0,0,3
Aaron Peirsol,17,United States,2000,0,1,0,1
Abby Johnston,22,United States,2012,0,1,0,1
Abby Wambach,32,United States,2012,1,0,0,1
Abby Wambach,24,United States,2004,1,0,0,1
Adam Deadmarsh,26,United States,2002,0,1,0,1
Adam Everett,23,United States,2000,1,0,0,1
Adam Nelson,29,United States,2004,0,1,0,1
Adam Nelson,25,United States,2000,0,1,0,1
Adam Wheeler,27,United States,2008,0,0,1,1
Adam Wright,31,United States,2008,0,1,0,1
Adrienne Martelli,24,United States,2012,0,0,1,1
Alex Izykowski,22,United States,2006,0,0,1,1
Alex Morgan,23,United States,2012,1,0,0,1
Alicia Sacramone,20,United States,2008,0,1,0,1
Alison Bartosik,21,United States,2004,0,0,2,2
Alison Cox,25,United States,2004,0,1,0,1
Alison Gregorka,23,United States,2008,0,1,0,1
Allan Houston,29,United States,2000,1,0,0,1
Allen Iverson,29,United States,2004,0,0,1,1
Allison Baver,29,United States,2010,0,0,1,1
Allison Schmitt,22,United States,2012,3,1,1,5
Allison Schmitt,18,United States,2008,0,0,1,1
Allyson Felix,26,United States,2012,3,0,0,3
Allyson Felix,22,United States,2008,1,1,0,2
Allyson Felix,18,United States,2004,0,1,0,1
Alonzo Mourning,30,United States,2000,1,0,0,1
Alvin Harrison,26,United States,2000,0,1,0,1
Aly Dudek,19,United States,2010,0,0,1,1
Aly Raisman,18,United States,2012,2,0,1,3
Aly Wagner,27,United States,2008,1,0,0,1
Aly Wagner,24,United States,2004,1,0,0,1
Alyssa Anderson,21,United States,2012,1,0,0,1
Amanda Beard,22,United States,2004,1,2,0,3
Amanda Beard,18,United States,2000,0,0,1,1
Amanda Freed,24,United States,2004,1,0,0,1
Amanda Weir,18,United States,2004,0,2,0,2
Amanda Weir,26,United States,2012,0,0,1,1
Amar'e Stoudemire,24,United States,2004,0,0,1,1
Amber Stachowski,21,United States,2004,0,0,1,1
Amy Chow,22,United States,2000,0,0,1,1
Amy LePeilbet,30,United States,2012,1,0,0,1
Amy Rodriguez,25,United States,2012,1,0,0,1
Amy Rodriguez,21,United States,2008,1,0,0,1
Amy Tryon,34,United States,2004,0,0,1,1
Amy Van Dyken,27,United States,2000,2,0,0,2
Andre Dirrell,21,United States,2004,0,0,1,1
Andre Iguodala,28,United States,2012,1,0,0,1
Andr√© Ward,20,United States,2004,1,0,0,1
Andrea Anderson,23,United States,2000,1,0,0,1
Andrea Duran,24,United States,2008,0,1,0,1
Andrea Kilbourne,21,United States,2002,0,1,0,1
Andrew Rock,22,United States,2004,1,0,0,1
Andrew Weibrecht,24,United States,2010,0,0,1,1
Angel McCoughtry,25,United States,2012,1,0,0,1
Angela Hucles,30,United States,2008,1,0,0,1
Angela Hucles,26,United States,2004,1,0,0,1
Angela Ruggiero,30,United States,2010,0,1,0,1
Angela Ruggiero,26,United States,2006,0,0,1,1
Angela Ruggiero,22,United States,2002,0,1,0,1
Angelo Taylor,29,United States,2008,2,0,0,2
Angelo Taylor,33,United States,2012,0,1,0,1
Angelo Taylor,21,United States,2000,1,0,0,1
Anna Goodale,25,United States,2008,1,0,0,1
Anna Kozlova,31,United States,2004,0,0,2,2
Anna Mickelson-Cummins,28,United States,2008,1,0,0,1
Anna Mickelson-Cummins,24,United States,2004,0,1,0,1
Anna Tunnicliffe,25,United States,2008,1,0,0,1
Annia Hatch,26,United States,2004,0,2,0,2
Annika Dries,20,United States,2012,1,0,0,1
Anthony Davis,19,United States,2012,1,0,0,1
Anthony Ervin,19,United States,2000,1,1,0,2
Anthony Sanders,26,United States,2000,1,0,0,1
Antonio McDyess,26,United States,2000,1,0,0,1
Apolo Anton Ohno,27,United States,2010,0,1,2,3
Apolo Anton Ohno,23,United States,2006,1,0,2,3
Apolo Anton Ohno,19,United States,2002,1,1,0,2
April Ross,30,United States,2012,0,1,0,1
Aries Merritt,27,United States,2012,1,0,0,1
Ashley Tappin,25,United States,2000,2,0,0,2
Ashton Eaton,24,United States,2012,1,0,0,1
Asjha Jones,31,United States,2012,1,0,0,1
B. J. Bedford,27,United States,2000,1,0,0,1
Beau Hoopman,27,United States,2008,0,0,1,1
Beau Hoopman,23,United States,2004,1,0,0,1
Becca Ward,18,United States,2008,0,0,2,2
Becky Sauerbrunn,27,United States,2012,1,0,0,1
Beezie Madden,44,United States,2008,1,0,1,2
Beezie Madden,40,United States,2004,1,0,0,1
Ben Agosto,24,United States,2006,0,1,0,1
Ben Sheets,22,United States,2000,1,0,0,1
Ben Wildman-Tobriner,23,United States,2008,1,0,0,1
Bernard Williams III,26,United States,2004,0,1,0,1
Bernard Williams III,22,United States,2000,1,0,0,1
Bernice Orwig,23,United States,2000,0,1,0,1
Bershawn Jackson,25,United States,2008,0,0,1,1
Betsey Armstrong,29,United States,2012,1,0,0,1
Betsey Armstrong,25,United States,2008,0,1,0,1
Bianca Knight,23,United States,2012,1,0,0,1
Bill Demong,29,United States,2010,1,1,0,2
Bill Guerin,31,United States,2002,0,1,0,1
Bill Schuffenhauer,28,United States,2002,0,1,0,1
Blaine Neal,30,United States,2008,0,0,1,1
Blaine Wilson,30,United States,2004,0,1,0,1
Bob Bryan,34,United States,2012,1,0,0,1
Bob Bryan,30,United States,2008,0,0,1,1
Bob Merrick,29,United States,2000,0,1,0,1
Bobby Julich,32,United States,2004,0,0,1,1
Bobby Ryan,22,United States,2010,0,1,0,1
Bobby Seay,22,United States,2000,1,0,0,1
Bode Miller,32,United States,2010,1,1,1,3
Bode Miller,24,United States,2002,0,2,0,2
Brad Wilkerson,23,United States,2000,1,0,0,1
Brady Ellison,23,United States,2012,0,1,0,1
Brandi Chastain,36,United States,2004,1,0,0,1
Brandi Chastain,32,United States,2000,0,1,0,1
Brandon Brooks,27,United States,2008,0,1,0,1
Brandon Knight,32,United States,2008,0,0,1,1
Brandon Slay,24,United States,2000,1,0,0,1
Breeja Larson,20,United States,2012,1,0,0,1
Brenda Villa,32,United States,2012,1,0,0,1
Brenda Villa,28,United States,2008,0,1,0,1
Brenda Villa,24,United States,2004,0,0,1,1
Brenda Villa,20,United States,2000,0,1,0,1
Brendan Hansen,22,United States,2004,1,1,1,3
Brendan Hansen,30,United States,2012,1,0,1,2
Brendan Hansen,27,United States,2008,1,0,0,1
Brent Abernathy,22,United States,2000,1,0,0,1
Brett Anderson,20,United States,2008,0,0,1,1
Brett Camerota,25,United States,2010,0,1,0,1
Brett Hull,37,United States,2002,0,1,0,1
Brett McClure,23,United States,2004,0,1,0,1
Brian Barden,27,United States,2008,0,0,1,1
Brian Duensing,25,United States,2008,0,0,1,1
Brian Hansen,19,United States,2010,0,1,0,1
Brian Leetch,33,United States,2002,0,1,0,1
Brian Lewis,25,United States,2000,1,0,0,1
Brian Martin,28,United States,2002,0,1,0,1
Brian Rafalski,36,United States,2010,0,1,0,1
Brian Rafalski,28,United States,2002,0,1,0,1
Brian Rolston,28,United States,2002,0,1,0,1
Brian Shimer,39,United States,2002,0,0,1,1
Briana Scurry,32,United States,2004,1,0,0,1
Brianne McLaughlin,22,United States,2010,0,1,0,1
Bridget Sloan,16,United States,2008,0,1,0,1
Brigetta Barrett,21,United States,2012,0,1,0,1
Brittany Hayes,23,United States,2008,0,1,0,1
Brittney Reese,25,United States,2012,1,0,0,1
Brooke Bennett,20,United States,2000,2,0,0,2
Brooks Orpik,29,United States,2010,0,1,0,1
Bryan Clay,28,United States,2008,1,0,0,1
Bryan Clay,24,United States,2004,0,1,0,1
Bryan Volpenhein,31,United States,2008,0,0,1,1
Bryan Volpenhein,27,United States,2004,1,0,0,1
Bryon Wilson,21,United States,2010,0,0,1,1
Bryshon Nellum,23,United States,2012,0,1,0,1
Butch Johnson,45,United States,2000,0,0,1,1
Cael Sanderson,25,United States,2004,1,0,0,1
Caitlin Cahow,24,United States,2010,0,1,0,1
Caitlin Cahow,20,United States,2006,0,0,1,1
Caitlin Leverenz,21,United States,2012,0,0,1,1
Caitlin Lowe,23,United States,2008,0,1,0,1
Cammi Granato,30,United States,2002,0,1,0,1
Candace Parker,26,United States,2012,1,0,0,1
Candace Parker,22,United States,2008,1,0,0,1
Cappie Pondexter,25,United States,2008,1,0,0,1
Carli Lloyd,30,United States,2012,1,0,0,1
Carli Lloyd,26,United States,2008,1,0,0,1
Carlos Boozer,26,United States,2008,1,0,0,1
Carlos Boozer,22,United States,2004,0,0,1,1
Carly Patterson,16,United States,2004,1,2,0,3
Carly Piper,20,United States,2004,1,0,0,1
Carmelita Jeter,32,United States,2012,1,1,1,3
Carmelo Anthony,28,United States,2012,1,0,0,1
Carmelo Anthony,24,United States,2008,1,0,0,1
Carmelo Anthony,20,United States,2004,0,0,1,1
Caroline Burckle,22,United States,2008,0,0,1,1
Caroline Lind,29,United States,2012,1,0,0,1
Caroline Lind,25,United States,2008,1,0,0,1
Caryn Davies,30,United States,2012,1,0,0,1
Caryn Davies,26,United States,2008,1,0,0,1
Caryn Davies,22,United States,2004,0,1,0,1
Casey FitzRandolph,27,United States,2002,1,0,0,1
Casey Weathers,23,United States,2008,0,0,1,1
Cat Osterman,25,United States,2008,0,1,0,1
Cat Osterman,21,United States,2004,1,0,0,1
Cat Reddick,22,United States,2004,1,0,0,1
Chad Carvin,26,United States,2000,0,1,0,1
Chad Hedrick,28,United States,2006,1,1,1,3
Chad Hedrick,32,United States,2010,0,1,1,2
Chanda Gunn,26,United States,2006,0,0,1,1
Charlie Cole,26,United States,2012,0,0,1,1
Charlie Houchin,24,United States,2012,1,0,0,1
Charlie McKee,38,United States,2000,0,0,1,1
Charlie Ogletree,36,United States,2004,0,1,0,1
Charlie White,22,United States,2010,0,1,0,1
Chellsie Memmel,20,United States,2008,0,1,0,1
Cheryl Haworth,17,United States,2000,0,0,1,1
Chris Ahrens,28,United States,2004,1,0,0,1
Chris Bailey,30,United States,2002,0,1,0,1
Chris Bosh,24,United States,2008,1,0,0,1
Chris Chelios,40,United States,2002,0,1,0,1
Chris Drury,33,United States,2010,0,1,0,1
Chris Drury,25,United States,2002,0,1,0,1
Chris George,21,United States,2000,1,0,0,1
Chris Huffins,30,United States,2000,0,0,1,1
Chris Kappler,37,United States,2004,1,1,0,2
Chris Klug,29,United States,2002,0,0,1,1
Chris Paul,27,United States,2012,1,0,0,1
Chris Paul,23,United States,2008,1,0,0,1
Chris Thompson,21,United States,2000,0,0,1,1
Chris Thorpe,31,United States,2002,0,0,1,1
Chris Witty,26,United States,2002,1,0,0,1
Christa Harmotto,25,United States,2012,0,1,0,1
Christa Williams,22,United States,2000,1,0,0,1
Christian Cantwell,27,United States,2008,0,1,0,1
Christian Taylor,22,United States,2012,1,0,0,1
Christie Ambrosi,23,United States,2000,1,0,0,1
Christie Pearce-Rampone,37,United States,2012,1,0,0,1
Christie Pearce-Rampone,33,United States,2008,1,0,0,1
Christie Pearce-Rampone,29,United States,2004,1,0,0,1
Christie Pearce-Rampone,25,United States,2000,0,1,0,1
Christine Collins,31,United States,2000,0,0,1,1
Christine Magnuson,22,United States,2008,0,2,0,2
Christine Marshall,22,United States,2008,0,0,1,1
Christine Traurig,43,United States,2000,0,0,1,1
Chryste Gaines,30,United States,2000,0,0,1,1
Cindy Parlow,26,United States,2004,1,0,0,1
Cindy Parlow,22,United States,2000,0,1,0,1
Claire Donahue,23,United States,2012,1,0,0,1
Clarence Vinson,22,United States,2000,0,0,1,1
Claressa Shields,17,United States,2012,1,0,0,1
Clarissa Chun,30,United States,2012,0,0,1,1
Clay Ives,29,United States,2002,0,0,1,1
Clay Stanley,30,United States,2008,1,0,0,1
Coby Miller,27,United States,2004,0,1,0,1
Coleman Scott,26,United States,2012,0,0,1,1
Colleen Lanne,24,United States,2004,0,1,0,1
Conor Dwyer,23,United States,2012,1,0,0,1
Coralie Simmons,23,United States,2000,0,1,0,1
Corey Cogdell,21,United States,2008,0,0,1,1
Courtney Hurley,21,United States,2012,0,0,1,1
Courtney Johnson,26,United States,2000,0,1,0,1
Courtney Kennedy,26,United States,2006,0,0,1,1
Courtney Kennedy,22,United States,2002,0,1,0,1
Courtney Kupets,18,United States,2004,0,1,1,2
Courtney Mathewson,25,United States,2012,1,0,0,1
Courtney McCool,16,United States,2004,0,1,0,1
Courtney Shealy,22,United States,2000,2,0,0,2
Courtney Thompson,27,United States,2012,0,1,0,1
Cristina Teuscher,22,United States,2000,0,0,1,1
Crystal Cox,25,United States,2004,1,0,0,1
Crystl Bustos,30,United States,2008,0,1,0,1
Crystl Bustos,26,United States,2004,1,0,0,1
Crystl Bustos,23,United States,2000,1,0,0,1
Cullen Jones,28,United States,2012,1,2,0,3
Cullen Jones,24,United States,2008,1,0,0,1
Curt Tomasevicz,29,United States,2010,1,0,0,1
Dain Blanton,28,United States,2000,1,0,0,1
Dan Beery,29,United States,2004,1,0,0,1
Dan Ketchum,22,United States,2004,1,0,0,1
Dan Steele,32,United States,2002,0,0,1,1
Dana Vollmer,24,United States,2012,3,0,0,3
Dana Vollmer,16,United States,2004,1,0,0,1
Danell Leyva,20,United States,2012,0,0,1,1
Daniel Walsh,29,United States,2008,0,0,1,1
Danielle Henderson,23,United States,2000,1,0,0,1
Danielle Scott-Arruda,39,United States,2012,0,1,0,1
Danielle Scott-Arruda,35,United States,2008,0,1,0,1
Danny Kass,23,United States,2006,0,1,0,1
Danny Kass,19,United States,2002,0,1,0,1
Dara Torres,33,United States,2000,2,0,3,5
Dara Torres,41,United States,2008,0,3,0,3
Darold Williamson,21,United States,2004,1,0,0,1
Darren Chiacchia,39,United States,2004,0,0,1,1
Darvis Patton,34,United States,2012,0,1,0,1
Darvis Patton,26,United States,2004,0,1,0,1
Dave Walters,20,United States,2008,1,0,0,1
David Backes,25,United States,2010,0,1,0,1
David Boudia,23,United States,2012,1,0,1,2
David Lee,26,United States,2008,1,0,0,1
David Neville,24,United States,2008,1,0,1,2
David O'Connor,38,United States,2000,1,0,1,2
David Oliver,26,United States,2008,0,0,1,1
David Payne,26,United States,2008,0,1,0,1
Davis Tarwater,28,United States,2012,1,0,0,1
Dawn Harper,28,United States,2012,0,1,0,1
Dawn Harper,24,United States,2008,1,0,0,1
Dawn Staley,34,United States,2004,1,0,0,1
Dawn Staley,30,United States,2000,1,0,0,1
Debbie McDonald,49,United States,2004,0,0,1,1
Dede Demet-Barry,31,United States,2004,0,1,0,1
DeeDee Trotter,29,United States,2012,1,0,1,2
DeeDee Trotter,21,United States,2004,1,0,0,1
Deena Drossin-Kastor,31,United States,2004,0,0,1,1
DeLisha Milton-Jones,33,United States,2008,1,0,0,1
DeLisha Milton-Jones,26,United States,2000,1,0,0,1
Deontay Wilder,22,United States,2008,0,0,1,1
Derek Parra,31,United States,2002,1,1,0,2
Deron Williams,28,United States,2012,1,0,0,1
Deron Williams,24,United States,2008,1,0,0,1
Derrick Brew,26,United States,2004,1,0,1,2
Destinee Hooker,24,United States,2012,0,1,0,1
Dexter Fowler,22,United States,2008,0,0,1,1
Diamond Dixon,20,United States,2012,1,0,0,1
Diana Lopez,24,United States,2008,0,0,1,1
Diana Munz,18,United States,2000,1,1,0,2
Diana Munz,22,United States,2004,0,0,1,1
Diana Taurasi,30,United States,2012,1,0,0,1
Diana Taurasi,26,United States,2008,1,0,0,1
Diana Taurasi,22,United States,2004,1,0,0,1
Dominique Dawes,23,United States,2000,0,0,1,1
Donny Robinson,25,United States,2008,0,0,1,1
Dot Richardson,38,United States,2000,1,0,0,1
Dotsie Bausch,39,United States,2012,0,1,0,1
Doug Mientkiewicz,26,United States,2000,1,0,0,1
Doug Sharp,32,United States,2002,0,0,1,1
Doug Weight,31,United States,2002,0,1,0,1
Dustin Brown,25,United States,2010,0,1,0,1
Dwight Howard,22,United States,2008,1,0,0,1
Dwight Phillips,26,United States,2004,1,0,0,1
Dwyane Wade Jr.,26,United States,2008,1,0,0,1
Dwyane Wade Jr.,22,United States,2004,0,0,1,1
Ed Moses,20,United States,2000,1,1,0,2
Elaine Breeden,19,United States,2008,0,1,0,1
Elaine Youngs,34,United States,2004,0,0,1,1
Elana Meyers,25,United States,2010,0,0,1,1
Elise Ray,18,United States,2000,0,0,1,1
Elizabeth Beisel,19,United States,2012,0,1,1,2
Elle Logan,24,United States,2012,1,0,0,1
Elle Logan,20,United States,2008,1,0,0,1
Ellen Estes,25,United States,2004,0,0,1,1
Ellen Estes,21,United States,2000,0,1,0,1
Elsie Windes,27,United States,2012,1,0,0,1
Elsie Windes,23,United States,2008,0,1,0,1
Emeka Okafor,21,United States,2004,0,0,1,1
Emily Cross,21,United States,2008,0,1,0,1
Emily deRiel,25,United States,2000,0,1,0,1
Emily Silver,22,United States,2008,0,1,0,1
Eric Fonoimoana,31,United States,2000,1,0,0,1
Eric Shanteau,28,United States,2012,1,0,0,1
Ericka Lorenz,23,United States,2004,0,0,1,1
Ericka Lorenz,19,United States,2000,0,1,0,1
Erik Johnson,21,United States,2010,0,1,0,1
Erik Kynard,21,United States,2012,0,1,0,1
Erik Vendt,27,United States,2008,1,0,0,1
Erik Vendt,23,United States,2004,0,1,0,1
Erik Vendt,19,United States,2000,0,1,0,1
Erika Lawler,23,United States,2010,0,1,0,1
Erin Cafaro,29,United States,2012,1,0,0,1
Erin Cafaro,25,United States,2008,1,0,0,1
Erin Dobratz,21,United States,2004,0,0,1,1
Erin Pac,29,United States,2010,0,0,1,1
Erin Phenix,19,United States,2000,1,0,0,1
Erinn Smart,28,United States,2008,0,1,0,1
Ernie Young,31,United States,2000,1,0,0,1
Esther Lofgren,27,United States,2012,1,0,0,1
Evan Lysacek,24,United States,2010,1,0,0,1
Foluke Akinradewo,24,United States,2012,0,1,0,1
Francena McCorory,23,United States,2012,1,0,0,1
Gabby Douglas,16,United States,2012,2,0,0,2
Gabe Gardner,32,United States,2008,1,0,0,1
Gabe Woodward,25,United States,2004,0,0,1,1
Galen Rupp,26,United States,2012,0,1,0,1
Garrett Hines,32,United States,2002,0,1,0,1
Garrett Lowney,20,United States,2000,0,0,1,1
Garrett Weber-Gale,23,United States,2008,2,0,0,2
Gary Hall Jr.,25,United States,2000,2,1,1,4
Gary Hall Jr.,29,United States,2004,1,0,1,2
Gary Payton,32,United States,2000,1,0,0,1
Gary Suter,37,United States,2002,0,1,0,1
Georgia Gould,32,United States,2012,0,0,1,1
Gigi Marvin,22,United States,2010,0,1,0,1
Gina Miles,34,United States,2008,0,1,0,1
Glenn Eller,26,United States,2008,1,0,0,1
Glenn Ochal,26,United States,2012,0,0,1,1
Gretchen Bleiler,24,United States,2006,0,1,0,1
Guard Young,27,United States,2004,0,1,0,1
Guenter Seidel,43,United States,2004,0,0,1,1
Guenter Seidel,40,United States,2000,0,0,1,1
Haley Anderson,20,United States,2012,0,1,0,1
Haley Cope,25,United States,2004,0,1,0,1
Hanna Thompson,24,United States,2008,0,1,0,1
Hannah Kearney,23,United States,2010,1,0,0,1
Hannah Teter,23,United States,2010,0,1,0,1
Hannah Teter,19,United States,2006,1,0,0,1
Heather Bown,29,United States,2008,0,1,0,1
Heather Mitts,34,United States,2012,1,0,0,1
Heather Mitts,30,United States,2008,1,0,0,1
Heather Mitts,26,United States,2004,1,0,0,1
Heather Moody,30,United States,2004,0,0,1,1
Heather Moody,27,United States,2000,0,1,0,1
Heather O'Reilly,27,United States,2012,1,0,0,1
Heather O'Reilly,23,United States,2008,1,0,0,1
Heather O'Reilly,19,United States,2004,1,0,0,1
Heather Petri,34,United States,2012,1,0,0,1
Heather Petri,30,United States,2008,0,1,0,1
Heather Petri,26,United States,2004,0,0,1,1
Heather Petri,22,United States,2000,0,1,0,1
Helen Resor,20,United States,2006,0,0,1,1
Henrik Rummel,24,United States,2012,0,0,1,1
Henry Cejudo,21,United States,2008,1,0,0,1
Hilary Knight,20,United States,2010,0,1,0,1
Holly McPeak,35,United States,2004,0,0,1,1
Hope Solo,30,United States,2012,1,0,0,1
Hope Solo,27,United States,2008,1,0,0,1
Hyleas Fountain,27,United States,2008,0,1,0,1
Ian Crocker,21,United States,2004,1,1,1,3
Ian Crocker,25,United States,2008,1,0,0,1
Ian Crocker,18,United States,2000,1,0,0,1
J. P. Kepka,21,United States,2006,0,0,1,1
J. R. Celski,19,United States,2010,0,0,2,2
J. W. Krumpholz,20,United States,2008,0,1,0,1
Jack Johnson,23,United States,2010,0,1,0,1
Jacob Wukie,26,United States,2012,0,1,0,1
Jacqueline Frank,24,United States,2004,0,0,1,1
Jaime Hipp,26,United States,2008,0,1,0,1
Jake Arrieta,22,United States,2008,0,0,1,1
Jake Kaminski,23,United States,2012,0,1,0,1
Jake Varner,26,United States,2012,1,0,0,1
James Harden,22,United States,2012,1,0,0,1
James Williams,22,United States,2008,0,1,0,1
Jamie Beyerle-Gray,28,United States,2012,1,0,0,1
Jamie Dantzscher,18,United States,2000,0,0,1,1
Jamie Hagerman,24,United States,2006,0,0,1,1
Jamie Langenbrunner,34,United States,2010,0,1,0,1
Jamie Rauch,21,United States,2000,0,1,0,1
Jamill Kelly,26,United States,2004,0,1,0,1
Janay DeLoach,26,United States,2012,0,0,1,1
Jason Donald,23,United States,2008,0,0,1,1
Jason Gatson,24,United States,2004,0,1,0,1
Jason Kidd,35,United States,2008,1,0,0,1
Jason Kidd,27,United States,2000,1,0,0,1
Jason Lezak,32,United States,2008,2,0,1,3
Jason Lezak,28,United States,2004,1,0,1,2
Jason Lezak,24,United States,2000,1,1,0,2
Jason Lezak,36,United States,2012,0,1,0,1
Jason Read,26,United States,2004,1,0,0,1
Jason Richardson,26,United States,2012,0,1,0,1
Jason Rogers,25,United States,2008,0,1,0,1
Jason Turner,33,United States,2008,0,0,1,1
Jayson Nix,25,United States,2008,0,0,1,1
Jearl Miles-Clark,34,United States,2000,1,0,0,1
Jeff Demps,22,United States,2012,0,1,0,1
Jeff Powers,28,United States,2008,0,1,0,1
Jeff Stevens,24,United States,2008,0,0,1,1
Jen Kessy,34,United States,2012,0,1,0,1
Jeneba Tarmoh,22,United States,2012,1,0,0,1
Jenn Stuczynski-Suhr,30,United States,2012,1,0,0,1
Jenn Stuczynski-Suhr,26,United States,2008,0,1,0,1
Jennie Finch,27,United States,2008,0,1,0,1
Jennie Finch,23,United States,2004,1,0,0,1
Jennie Reed,34,United States,2012,0,1,0,1
Jennifer Brundage,27,United States,2000,1,0,0,1
Jennifer Joines,25,United States,2008,0,1,0,1
Jennifer McFalls,28,United States,2000,1,0,0,1
Jennifer Rodriguez,25,United States,2002,0,0,2,2
Jenny Schmidgall-Potter,31,United States,2010,0,1,0,1
Jenny Schmidgall-Potter,27,United States,2006,0,0,1,1
Jenny Schmidgall-Potter,23,United States,2002,0,1,0,1
Jenny Thompson,27,United States,2000,3,0,1,4
Jenny Thompson,31,United States,2004,0,2,0,2
Jenny Topping,24,United States,2004,1,0,0,1
Jeremy Cummings,31,United States,2008,0,0,1,1
Jeremy Roenick,32,United States,2002,0,1,0,1
Jeremy Wariner,24,United States,2008,1,1,0,2
Jeremy Wariner,20,United States,2004,2,0,0,2
Jeret Peterson,28,United States,2010,0,1,0,1
Jermain Taylor,22,United States,2000,0,0,1,1
Jesse Smith,25,United States,2008,0,1,0,1
Jessica Hardy,25,United States,2012,1,0,1,2
Jessica Mendoza,27,United States,2008,0,1,0,1
Jessica Mendoza,23,United States,2004,1,0,0,1
Jessica Steffens,25,United States,2012,1,0,0,1
Jessica Steffens,21,United States,2008,0,1,0,1
Jessie Vetter,24,United States,2010,0,1,0,1
Jill Bakken,25,United States,2002,1,0,0,1
Jill Kintner,26,United States,2008,0,0,1,1
Jim Shea Jr.,33,United States,2002,1,0,0,1
Jimmy Feigen,22,United States,2012,0,1,0,1
Jimmy Pedro,33,United States,2004,0,0,1,1
Jinelle Zaugg-Siergiej,23,United States,2010,0,1,0,1
JJ Isler,36,United States,2000,0,1,0,1
JJ Thomas,20,United States,2002,0,0,1,1
Joanna Hayes,27,United States,2004,1,0,0,1
Jocelyne Lamoureux,20,United States,2010,0,1,0,1
Joe Pack,23,United States,2002,0,1,0,1
Joe Pavelski,25,United States,2010,0,1,0,1
Joe Polo,23,United States,2006,0,0,1,1
Joey Cheek,26,United States,2006,1,1,0,2
Joey Cheek,22,United States,2002,0,0,1,1
Joey Hagerty,26,United States,2008,0,0,1,1
Joey Hansen,25,United States,2004,1,0,0,1
John Cotton,29,United States,2000,1,0,0,1
John Gall,30,United States,2008,0,0,1,1
John Godina,28,United States,2000,0,0,1,1
John LeClair,32,United States,2002,0,1,0,1
John Lovell,36,United States,2004,0,1,0,1
John Moffitt,23,United States,2004,0,1,0,1
John Shuster,23,United States,2006,0,0,1,1
John Williams,39,United States,2004,0,0,1,1
Johnny Spillane,29,United States,2010,0,3,0,3
Jon Drummond,32,United States,2000,1,0,0,1
Jon Rauch,21,United States,2000,1,0,0,1
Jonathan Horton,22,United States,2008,0,1,1,2
Jonathan Kuck,19,United States,2010,0,1,0,1
Jonathan McKee,40,United States,2000,0,0,1,1
Jordan Burroughs,24,United States,2012,1,0,0,1
Jordan Larson,25,United States,2012,0,1,0,1
Jordan Malone,25,United States,2010,0,0,1,1
Jordyn Wieber,17,United States,2012,1,0,0,1
Josh Davis,28,United States,2000,0,2,0,2
Josh Inman,28,United States,2008,0,0,1,1
Josh Mance,20,United States,2012,0,1,0,1
Joy Fawcett,36,United States,2004,1,0,0,1
Joy Fawcett,32,United States,2000,0,1,0,1
Julia Mancuso,25,United States,2010,0,2,0,2
Julia Mancuso,21,United States,2006,1,0,0,1
Julia Smit,20,United States,2008,0,1,1,2
Julia Stowers,18,United States,2000,1,0,0,1
Julie Black-Burns Richards,33,United States,2004,0,0,1,1
Julie Chu,27,United States,2010,0,1,0,1
Julie Chu,23,United States,2006,0,0,1,1
Julie Chu,19,United States,2002,0,1,0,1
Julie Foudy,33,United States,2004,1,0,0,1
Julie Foudy,29,United States,2000,0,1,0,1
Julie Swail-Ertel,27,United States,2000,0,1,0,1
Justin Gatlin,22,United States,2004,1,1,1,3
Justin Gatlin,30,United States,2012,0,1,1,2
Justin Olsen,22,United States,2010,1,0,0,1
Justin Spring,24,United States,2008,0,0,1,1
Kacey Bellamy,22,United States,2010,0,1,0,1
Kaitlin Sandeno,21,United States,2004,1,1,1,3
Kaitlin Sandeno,17,United States,2000,0,0,1,1
Kami Craig,25,United States,2012,1,0,0,1
Kami Craig,21,United States,2008,0,1,0,1
Kara Kohler,21,United States,2012,0,0,1,1
Kara Lawson,27,United States,2008,1,0,0,1
Kara Lynn Joyce,22,United States,2008,0,2,0,2
Kara Lynn Joyce,18,United States,2004,0,2,0,2
Kara Wolters,25,United States,2000,1,0,0,1
Karen Kraft,31,United States,2000,0,0,1,1
Karen Lende O'Connor,42,United States,2000,0,0,1,1
Karen Thatcher,25,United States,2010,0,1,0,1
Karyn Bye,30,United States,2002,0,1,0,1
Kate Sobrero-Markgraf,31,United States,2008,1,0,0,1
Kate Sobrero-Markgraf,27,United States,2004,1,0,0,1
Kate Sobrero-Markgraf,24,United States,2000,0,1,0,1
Katherine Reutter,21,United States,2010,0,1,1,2
Kathleen Kauth,26,United States,2006,0,0,1,1
Kathy Sheehy,30,United States,2000,0,1,0,1
Katie Hoff,19,United States,2008,0,1,2,3
Katie Johnson,25,United States,2004,0,1,0,1
Katie King,30,United States,2006,0,0,1,1
Katie King,26,United States,2002,0,1,0,1
Katie Ledecky,15,United States,2012,1,0,0,1
Katie Smith,34,United States,2008,1,0,0,1
Katie Smith,30,United States,2004,1,0,0,1
Katie Smith,26,United States,2000,1,0,0,1
Kayla Harrison,22,United States,2012,1,0,0,1
Keeth Smart,30,United States,2008,0,1,0,1
Keith Tkachuk,29,United States,2002,0,1,0,1
Kelci Bryant,23,United States,2012,0,1,0,1
Kelley Hurley,24,United States,2012,0,0,1,1
Kelley O'Hara,23,United States,2012,1,0,0,1
Kelli Stack,22,United States,2010,0,1,0,1
Kellie Wells,30,United States,2012,0,0,1,1
Kelly Clark,26,United States,2010,0,0,1,1
Kelly Clark,18,United States,2002,1,0,0,1
Kelly Kretschman,28,United States,2008,0,1,0,1
Kelly Kretschman,24,United States,2004,1,0,0,1
Kelly Rulon,28,United States,2012,1,0,0,1
Kelly Rulon,20,United States,2004,0,0,1,1
Kelly Stephens,22,United States,2006,0,0,1,1
Kelly Willie,21,United States,2004,1,0,0,1
Kendra Zanotto,22,United States,2004,0,0,1,1
Kenny Brokenburr,31,United States,2000,1,0,0,1
Kerri Walsh,33,United States,2012,1,0,0,1
Kerri Walsh,29,United States,2008,1,0,0,1
Kerri Walsh,25,United States,2004,1,0,0,1
Kerron Clement,22,United States,2008,1,1,0,2
Kerry Weiland,29,United States,2010,0,1,0,1
Keshia Baker,24,United States,2012,1,0,0,1
Kevin Burnham,47,United States,2004,1,0,0,1
Kevin Durant,23,United States,2012,1,0,0,1
Kevin Garnett,24,United States,2000,1,0,0,1
Kevin Hansen,26,United States,2008,1,0,0,1
Kevin Jepsen,24,United States,2008,0,0,1,1
Kevin Love,23,United States,2012,1,0,0,1
Kevin Tan,26,United States,2008,0,0,1,1
Kim Black,21,United States,2000,1,0,0,1
Kim Glass,23,United States,2008,0,1,0,1
Kim Insalaco,25,United States,2006,0,0,1,1
Kim Rhode,33,United States,2012,1,0,0,1
Kim Rhode,29,United States,2008,0,1,0,1
Kim Rhode,25,United States,2004,1,0,0,1
Kim Rhode,21,United States,2000,0,0,1,1
Kim Severson,30,United States,2004,0,1,1,2
Kim Vandenberg,24,United States,2008,0,0,1,1
Kim Willoughby,27,United States,2008,0,1,0,1
Kimberly Derrick,24,United States,2010,0,0,1,1
Kip Carpenter,22,United States,2002,0,0,1,1
Klete Keller,22,United States,2004,1,0,1,2
Klete Keller,18,United States,2000,0,1,1,2
Klete Keller,26,United States,2008,1,0,0,1
Kobe Bryant,33,United States,2012,1,0,0,1
Kobe Bryant,29,United States,2008,1,0,0,1
Krissy Wendell,24,United States,2006,0,0,1,1
Krissy Wendell,20,United States,2002,0,1,0,1
Kristian Ipsen,19,United States,2012,0,0,1,1
Kristin Armstrong,38,United States,2012,1,0,0,1
Kristin Armstrong,35,United States,2008,1,0,0,1
Kristin King,26,United States,2006,0,0,1,1
Kristin Maloney,19,United States,2000,0,0,1,1
Kristine Lilly,33,United States,2004,1,0,0,1
Kristine Lilly,29,United States,2000,0,1,0,1
Kristy Kowal,21,United States,2000,0,1,0,1
Kurt Ainsworth,22,United States,2000,1,0,0,1
Kyla Ross,15,United States,2012,1,0,0,1
Lacey Nymeyer,22,United States,2008,0,1,0,1
Lamar Odom,24,United States,2004,0,0,1,1
Lana Gehring,19,United States,2010,0,0,1,1
Lance Armstrong,29,United States,2000,0,0,1,1
Larsen Jensen,22,United States,2008,0,0,1,1
Larsen Jensen,18,United States,2004,0,1,0,1
LaShawn Merritt,22,United States,2008,2,0,0,2
Lashinda Demus,29,United States,2012,0,1,0,1
LaTasha Colander-Richardson,24,United States,2000,1,0,0,1
Laura Berg,33,United States,2008,0,1,0,1
Laura Berg,29,United States,2004,1,0,0,1
Laura Berg,25,United States,2000,1,0,0,1
Laura Kraut,42,United States,2008,1,0,0,1
Laura Wilkinson,22,United States,2000,1,0,0,1
Laurel Korholz,34,United States,2004,0,1,0,1
Lauren Cheney,24,United States,2012,1,0,0,1
Lauren Cheney,20,United States,2008,1,0,0,1
Lauren Lappin,24,United States,2008,0,1,0,1
Lauren McFall,24,United States,2004,0,0,1,1
Lauren Perdue,21,United States,2012,1,0,0,1
Lauren Tamayo,28,United States,2012,0,1,0,1
Lauren Wenger,28,United States,2012,1,0,0,1
Lauren Wenger,24,United States,2008,0,1,0,1
Laurie Baker,25,United States,2002,0,1,0,1
Lauryn Williams,28,United States,2012,1,0,0,1
Lauryn Williams,20,United States,2004,0,1,0,1
Lawrence Johnson,26,United States,2000,0,1,0,1
Layne Beaubien,32,United States,2008,0,1,0,1
Lea Ann Parsley,33,United States,2002,0,1,0,1
Leah O'Brien-Amico,29,United States,2004,1,0,0,1
Leah O'Brien-Amico,26,United States,2000,1,0,0,1
LeBron James,27,United States,2012,1,0,0,1
LeBron James,23,United States,2008,1,0,0,1
LeBron James,19,United States,2004,0,0,1,1
Lenny Krayzelburg,24,United States,2000,3,0,0,3
Lenny Krayzelburg,28,United States,2004,1,0,0,1
Leo Manzano,27,United States,2012,0,1,0,1
Levi Leipheimer,34,United States,2008,0,0,1,1
Lia Neal,17,United States,2012,0,0,1,1
Lianne Nelson,32,United States,2004,0,1,0,1
Lincoln McIlravy,26,United States,2000,0,0,1,1
Linden Wiesman,25,United States,2000,0,0,1,1
Lindsay Benko,27,United States,2004,1,1,0,2
Lindsay Benko,23,United States,2000,1,0,0,1
Lindsay Schoop,26,United States,2008,1,0,0,1
Lindsay Tarpley,24,United States,2008,1,0,0,1
Lindsay Tarpley,20,United States,2004,1,0,0,1
Lindsay Whalen,30,United States,2012,1,0,0,1
Lindsey Berg,32,United States,2012,0,1,0,1
Lindsey Berg,28,United States,2008,0,1,0,1
Lindsey Jacobellis,20,United States,2006,0,1,0,1
Lindsey Kildow-Vonn,25,United States,2010,1,0,1,2
Lisa Chesson,23,United States,2010,0,1,0,1
Lisa Fernandez,33,United States,2004,1,0,0,1
Lisa Fernandez,29,United States,2000,1,0,0,1
Lisa Leslie,36,United States,2008,1,0,0,1
Lisa Leslie,32,United States,2004,1,0,0,1
Lisa Leslie,28,United States,2000,1,0,0,1
Lisa Raymond,38,United States,2012,0,0,1,1
Lisa Wilcox,37,United States,2004,0,0,1,1
Lloy Ball,36,United States,2008,1,0,0,1
Logan Tom,31,United States,2012,0,1,0,1
Logan Tom,27,United States,2008,0,1,0,1
Lori Chalupny,24,United States,2008,1,0,0,1
Lori Harrigan,33,United States,2004,1,0,0,1
Lori Harrigan,30,United States,2000,1,0,0,1
Lorrie Fair,22,United States,2000,0,1,0,1
Lou Marson,22,United States,2008,0,0,1,1
Lovie Jung,28,United States,2008,0,1,0,1
Lovie Jung,24,United States,2004,1,0,0,1
Lyndsay Wall,20,United States,2006,0,0,1,1
Lyndsay Wall,16,United States,2002,0,1,0,1
Maggie Steffens,19,United States,2012,1,0,0,1
Magnus Liljedahl,46,United States,2000,1,0,0,1
Manteo Mitchell,25,United States,2012,0,1,0,1
Marcus Jensen,27,United States,2000,1,0,0,1
Marcus McElhenney,27,United States,2008,0,0,1,1
Mardy Fish,22,United States,2004,0,1,0,1
Margaret Dingeldein,24,United States,2004,0,0,1,1
Margaret Hoelzer,25,United States,2008,0,2,1,3
Mari Holden,29,United States,2000,0,1,0,1
Mariel Zagunis,23,United States,2008,1,0,1,2
Mariel Zagunis,19,United States,2004,1,0,0,1
Marion Jones,24,United States,2000,1,0,0,1
Mark Crear,31,United States,2000,0,0,1,1
Mark Gangloff,26,United States,2008,1,0,0,1
Mark Gangloff,22,United States,2004,1,0,0,1
Mark Grimmette,31,United States,2002,0,1,0,1
Mark Lopez,26,United States,2008,0,1,0,1
Mark Reynolds,44,United States,2000,1,0,0,1
Marlen Esparza,23,United States,2012,0,0,1,1
Marti Malloy,26,United States,2012,0,0,1,1
Marty Nothstein,29,United States,2000,1,0,0,1
Mary Whipple,32,United States,2012,1,0,0,1
Mary Whipple,28,United States,2008,1,0,0,1
Mary Whipple,24,United States,2004,0,1,0,1
Mary Wineberg,28,United States,2008,1,0,0,1
Matt Brown,26,United States,2008,0,0,1,1
Matt Deakin,24,United States,2004,1,0,0,1
Matt Emmons,31,United States,2012,0,0,1,1
Matt Emmons,27,United States,2008,0,1,0,1
Matt Emmons,23,United States,2004,1,0,0,1
Matt Grevers,27,United States,2012,2,1,0,3
Matt Grevers,23,United States,2008,2,1,0,3
Matt Hemingway,31,United States,2004,0,1,0,1
Matt LaPorta,23,United States,2008,0,0,1,1
Matt Lindland,30,United States,2000,0,1,0,1
Matt McLean,24,United States,2012,1,0,0,1
Matt Schnobrich,29,United States,2008,0,0,1,1
Maurice Greene,30,United States,2004,0,1,1,2
Maurice Greene,26,United States,2000,2,0,0,2
Maya Lawrence,32,United States,2012,0,0,1,1
Maya Moore,23,United States,2012,1,0,0,1
McKayla Maroney,16,United States,2012,1,1,0,2
McLain Ward,32,United States,2008,1,0,0,1
McLain Ward,28,United States,2004,1,0,0,1
Meb Keflezighi,29,United States,2004,0,1,0,1
Megan Dirkmaat,28,United States,2004,0,1,0,1
Megan Hodge,23,United States,2012,0,1,0,1
Megan Kalmoe,28,United States,2012,0,0,1,1
Megan Quann-Jendrick,16,United States,2000,2,0,0,2
Megan Quann-Jendrick,24,United States,2008,0,1,0,1
Megan Rapinoe,27,United States,2012,1,0,0,1
Meghan Duggan,22,United States,2010,0,1,0,1
Meghan Musnicki,29,United States,2012,1,0,0,1
Melissa Morrison,33,United States,2004,0,0,1,1
Melissa Morrison,29,United States,2000,0,0,1,1
Melissa Seidemann,22,United States,2012,1,0,0,1
Merrill Moses,30,United States,2008,0,1,0,1
Meryl Davis,23,United States,2010,0,1,0,1
Mia Hamm,32,United States,2004,1,0,0,1
Mia Hamm,28,United States,2000,0,1,0,1
Micah Boyd,26,United States,2008,0,0,1,1
Michael Anti,40,United States,2004,0,1,0,1
Michael Johnson,33,United States,2000,1,0,0,1
Michael Phelps,23,United States,2008,8,0,0,8
Michael Phelps,19,United States,2004,6,0,2,8
Michael Phelps,27,United States,2012,4,2,0,6
Michael Redd,28,United States,2008,1,0,0,1
Michael Tinsley,28,United States,2012,0,1,0,1
Michele Smith,33,United States,2000,1,0,0,1
Michelle Guerette,27,United States,2008,0,1,0,1
Michelle Kwan,21,United States,2002,0,0,1,1
Michelle Venturella,27,United States,2000,1,0,0,1
Mike Bryan,34,United States,2012,1,0,1,2
Mike Bryan,30,United States,2008,0,0,1,1
Mike Day,23,United States,2008,0,1,0,1
Mike Dunham,29,United States,2002,0,1,0,1
Mike Hessman,30,United States,2008,0,0,1,1
Mike Kinkade,27,United States,2000,1,0,0,1
Mike Kohn,29,United States,2002,0,0,1,1
Mike Koplove,31,United States,2008,0,0,1,1
Mike Modano,31,United States,2002,0,1,0,1
Mike Neill,30,United States,2000,1,0,0,1
Mike Richter,35,United States,2002,0,1,0,1
Mike York,24,United States,2002,0,1,0,1
Missy Franklin,17,United States,2012,4,0,1,5
Missy Schwen-Ryan,28,United States,2000,0,0,1,1
Misty Hyman,21,United States,2000,1,0,0,1
Misty May-Treanor,34,United States,2012,1,0,0,1
Misty May-Treanor,31,United States,2008,1,0,0,1
Misty May-Treanor,27,United States,2004,1,0,0,1
Mo O'Toole,39,United States,2000,0,1,0,1
Mohini Bhardwaj,25,United States,2004,0,1,0,1
Molly Engstrom,26,United States,2010,0,1,0,1
Molly Engstrom,22,United States,2006,0,0,1,1
Molly Schaus,21,United States,2010,0,1,0,1
Monica Abbott,23,United States,2008,0,1,0,1
Monica Seles,26,United States,2000,0,0,1,1
Monique Henderson,25,United States,2008,1,0,0,1
Monique Henderson,21,United States,2004,1,0,0,1
Monique Hennagan,28,United States,2004,1,0,0,1
Monique Hennagan,24,United States,2000,1,0,0,1
Monique Lamoureux,20,United States,2010,0,1,0,1
Morgan Hamm,21,United States,2004,0,1,0,1
Moriah Van Norman,24,United States,2008,0,1,0,1
Moushaumi Robinson,23,United States,2004,1,0,0,1
Nanceen Perry,23,United States,2000,0,0,1,1
Nancy Napolski-Johnson,26,United States,2000,1,0,0,1
Nastia Liukin,18,United States,2008,1,3,1,5
Natalie Coughlin,25,United States,2008,1,2,3,6
Natalie Coughlin,21,United States,2004,2,2,1,5
Natalie Coughlin,29,United States,2012,0,0,1,1
Natalie Darwitz,26,United States,2010,0,1,0,1
Natalie Darwitz,22,United States,2006,0,0,1,1
Natalie Darwitz,18,United States,2002,0,1,0,1
Natalie Dell,27,United States,2012,0,0,1,1
Natalie Golda,26,United States,2008,0,1,0,1
Natalie Golda,22,United States,2004,0,0,1,1
Natalie Williams,29,United States,2000,1,0,0,1
Natasha Hastings,22,United States,2008,1,0,0,1
Natasha Watley,26,United States,2008,0,1,0,1
Natasha Watley,22,United States,2004,1,0,0,1
Nate Dusing,25,United States,2004,0,0,1,1
Nate Dusing,21,United States,2000,0,1,0,1
Nate Schierholtz,24,United States,2008,0,0,1,1
Nathan Adrian,23,United States,2012,2,1,0,3
Nathan Adrian,19,United States,2008,1,0,0,1
Neil Walker,28,United States,2004,1,0,1,2
Neil Walker,24,United States,2000,1,1,0,2
Nia Abdallah,20,United States,2004,0,1,0,1
Nick Hysong,28,United States,2000,1,0,0,1
Nick McCrory,20,United States,2012,0,0,1,1
Nick Thoman,26,United States,2012,1,1,0,2
Nicole Davis,30,United States,2012,0,1,0,1
Nicole Davis,26,United States,2008,0,1,0,1
Nicolle Payne,24,United States,2000,0,1,0,1
Nikki McCray,28,United States,2000,1,0,0,1
Nikki Serlenga,22,United States,2000,0,1,0,1
Nina Fout,41,United States,2000,0,0,1,1
Ogonna Nnamani,25,United States,2008,0,1,0,1
Otis Harris,22,United States,2004,1,1,0,2
Paige McPherson,21,United States,2012,0,0,1,1
Pam Dreyer,24,United States,2006,0,0,1,1
Passion Richardson,25,United States,2000,0,0,1,1
Pat Borders,37,United States,2000,1,0,0,1
Patricia Miranda,25,United States,2004,0,0,1,1
Patrick Kane,21,United States,2010,0,1,0,1
Patty Cardenas,23,United States,2008,0,1,0,1
Paul Foerster,40,United States,2004,1,0,0,1
Paul Foerster,36,United States,2000,0,1,0,1
Paul Hamm,21,United States,2004,1,2,0,3
Paul Stastny,24,United States,2010,0,1,0,1
Pease Glaser,38,United States,2000,0,1,0,1
Pete Cipollone,33,United States,2004,1,0,0,1
Pete Fenson,37,United States,2006,0,0,1,1
Peter Hudnut,28,United States,2008,0,1,0,1
Peter Vanderkaay,24,United States,2008,1,0,1,2
Peter Vanderkaay,28,United States,2012,0,0,1,1
Peter Vanderkaay,20,United States,2004,1,0,0,1
Peter Varellas,23,United States,2008,0,1,0,1
Peter Wylde,39,United States,2004,1,0,0,1
Phil Dalhausser,28,United States,2008,1,0,0,1
Phil Housley,37,United States,2002,0,1,0,1
Phil Kessel,22,United States,2010,0,1,0,1
Rachel Bootsma,18,United States,2012,1,0,0,1
Rachel Buehler,26,United States,2012,1,0,0,1
Rachel Buehler,22,United States,2008,1,0,0,1
Rachel Komisarz,27,United States,2004,1,1,0,2
Raj Bhavsar,27,United States,2008,0,0,1,1
Randi Miller,24,United States,2008,0,0,1,1
Randy Jones,32,United States,2002,0,1,0,1
Ray Allen,25,United States,2000,1,0,0,1
Rebecca Giddens,26,United States,2004,0,1,0,1
Rebecca Jasontek,29,United States,2004,0,0,1,1
Rebecca Soni,25,United States,2012,2,1,0,3
Rebecca Soni,21,United States,2008,1,2,0,3
Reese Hoffa,34,United States,2012,0,0,1,1
Regi Witherspoon,23,United States,2008,1,0,0,1
Reid Priddy,30,United States,2008,1,0,0,1
Rhi Jeffrey,17,United States,2004,1,0,0,1
Ricardo Juarez,20,United States,2000,0,1,0,1
Ricardo Williams Jr.,19,United States,2000,0,1,0,1
Rich Lambourne,33,United States,2008,1,0,0,1
Richard Jefferson,24,United States,2004,0,0,1,1
Rick Krivda,30,United States,2000,1,0,0,1
Rick Merlo,26,United States,2008,0,1,0,1
Ricky Berens,24,United States,2012,1,1,0,2
Ricky Berens,20,United States,2008,1,0,0,1
Riley Salmon,32,United States,2008,1,0,0,1
Ritz Correia,22,United States,2004,0,1,0,1
Robert Dover,48,United States,2004,0,0,1,1
Robert Dover,44,United States,2000,0,0,1,1
Robin Beauregard,25,United States,2004,0,0,1,1
Robin Beauregard,21,United States,2000,0,1,0,1
Robyn Ah Mow-Santos,32,United States,2008,0,1,0,1
Rod White,23,United States,2000,0,0,1,1
Ronda Rousey,21,United States,2008,0,0,1,1
Rosey Fletcher,30,United States,2006,0,0,1,1
Ross Powers,23,United States,2002,1,0,0,1
Roy Oswalt,23,United States,2000,1,0,0,1
Rulon Gardner,33,United States,2004,0,0,1,1
Rulon Gardner,29,United States,2000,1,0,0,1
Russell Westbrook,23,United States,2012,1,0,0,1
Rusty Smith,26,United States,2006,0,0,1,1
Rusty Smith,22,United States,2002,0,0,1,1
Ruth Riley,24,United States,2004,1,0,0,1
Ruthie Bolton-Holifield,33,United States,2000,1,0,0,1
Ryan Bailey,32,United States,2008,0,1,0,1
Ryan Bailey,23,United States,2012,0,1,0,1
Ryan Callahan,24,United States,2010,0,1,0,1
Ryan Franklin,27,United States,2000,1,0,0,1
Ryan Kesler,25,United States,2010,0,1,0,1
Ryan Lochte,27,United States,2012,2,2,1,5
Ryan Lochte,24,United States,2008,2,0,2,4
Ryan Lochte,20,United States,2004,1,1,0,2
Ryan Malone,30,United States,2010,0,1,0,1
Ryan Millar,30,United States,2008,1,0,0,1
Ryan Miller,29,United States,2010,0,1,0,1
Ryan Suter,25,United States,2010,0,1,0,1
Ryan Whitney,26,United States,2010,0,1,0,1
Sada Jacobson,25,United States,2008,0,1,1,2
Sada Jacobson,21,United States,2004,0,0,1,1
Sam Arsenault,18,United States,2000,1,0,0,1
Sam Magee,21,United States,2004,0,1,0,1
Samantha Peszek,16,United States,2008,0,1,0,1
Sammie Henson,29,United States,2000,0,1,0,1
Sanya Richards-Ross,27,United States,2012,2,0,0,2
Sanya Richards-Ross,23,United States,2008,1,0,1,2
Sanya Richards-Ross,19,United States,2004,1,0,0,1
Sara DeCosta,24,United States,2002,0,1,0,1
Sara Lowe,20,United States,2004,0,0,1,1
Sara McMann,23,United States,2004,0,1,0,1
Sarah Garner,29,United States,2000,0,0,1,1
Sarah Hammer,28,United States,2012,0,2,0,2
Sarah Hughes,16,United States,2002,1,0,0,1
Sarah Parsons,18,United States,2006,0,0,1,1
Sarah Tueting,25,United States,2002,0,1,0,1
Sasha Artemev,22,United States,2008,0,0,1,1
Sasha Cohen,21,United States,2006,0,1,0,1
Scott Gault,29,United States,2012,0,0,1,1
Scott Goldblatt,25,United States,2004,1,0,0,1
Scott Goldblatt,21,United States,2000,0,1,0,1
Scott Touzinsky,26,United States,2008,1,0,0,1
Scott Tucker,24,United States,2000,0,1,0,1
Scott Young,34,United States,2002,0,1,0,1
Scotty Lago,22,United States,2010,0,0,1,1
Sean Burroughs,20,United States,2000,1,0,0,1
Sean Rooney,25,United States,2008,1,0,0,1
Sebastian Bea,23,United States,2000,0,1,0,1
Seimone Augustus,28,United States,2012,1,0,0,1
Seimone Augustus,24,United States,2008,1,0,0,1
Serena Williams,30,United States,2012,2,0,0,2
Serena Williams,26,United States,2008,1,0,0,1
Serena Williams,18,United States,2000,1,0,0,1
Seth Wescott,33,United States,2010,1,0,0,1
Seth Wescott,29,United States,2006,1,0,0,1
Shalane Flanagan,27,United States,2008,0,0,1,1
Shane Heams,24,United States,2000,1,0,0,1
Shani Davis,27,United States,2010,1,1,0,2
Shani Davis,23,United States,2006,1,1,0,2
Shannon Bahrke,29,United States,2010,0,0,1,1
Shannon Bahrke,21,United States,2002,0,1,0,1
Shannon Boxx,35,United States,2012,1,0,0,1
Shannon Boxx,31,United States,2008,1,0,0,1
Shannon Boxx,27,United States,2004,1,0,0,1
Shannon Johnson,29,United States,2004,1,0,0,1
Shannon MacMillan,25,United States,2000,0,1,0,1
Shannon Vreeland,20,United States,2012,1,0,0,1
Shareef Abdur-Rahim,23,United States,2000,1,0,0,1
Shaun White,23,United States,2010,1,0,0,1
Shaun White,19,United States,2006,1,0,0,1
Shauna Rohbock,28,United States,2006,0,1,0,1
Shawn Crawford,26,United States,2004,1,1,0,2
Shawn Crawford,30,United States,2008,0,1,0,1
Shawn Johnson,16,United States,2008,1,3,0,4
Shawn Marion,26,United States,2004,0,0,1,1
Shawn Rojeski,34,United States,2006,0,0,1,1
Sheena Johnson-Tosta,25,United States,2008,0,1,0,1
Sheila Cornell-Douty,38,United States,2000,1,0,0,1
Shelley Looney,30,United States,2002,0,1,0,1
Sheryl Swoopes,33,United States,2004,1,0,0,1
Sheryl Swoopes,29,United States,2000,1,0,0,1
Simon Cho,18,United States,2010,0,0,1,1
Siri Mullinix,22,United States,2000,0,1,0,1
Stacey Nuveman,30,United States,2008,0,1,0,1
Stacey Nuveman,26,United States,2004,1,0,0,1
Stacey Nuveman,22,United States,2000,1,0,0,1
Staciana Stitts,19,United States,2000,1,0,0,1
Stacy Dragila,29,United States,2000,1,0,0,1
Stacy Sykora,31,United States,2008,0,1,0,1
Stephanie Brown-Trafton,28,United States,2008,1,0,0,1
Stephanie Cox,22,United States,2008,1,0,0,1
Stephanie Nesbitt,19,United States,2004,0,0,1,1
Stephen Abas,26,United States,2004,0,1,0,1
Stephen Strasburg,20,United States,2008,0,0,1,1
Stephon Marbury,27,United States,2004,0,0,1,1
Steve Holcomb,29,United States,2010,1,0,0,1
Steve Mesler,31,United States,2010,1,0,0,1
Steve Smith,31,United States,2000,1,0,0,1
Steven Coppola,24,United States,2008,0,0,1,1
Steven Lopez,29,United States,2008,0,0,1,1
Steven Lopez,25,United States,2004,1,0,0,1
Steven Lopez,21,United States,2000,1,0,0,1
Sue Bird,31,United States,2012,1,0,0,1
Sue Bird,27,United States,2008,1,0,0,1
Sue Bird,23,United States,2004,1,0,0,1
Sue Merz,29,United States,2002,0,1,0,1
Susan Blinks,42,United States,2000,0,0,1,1
Susan Francia,29,United States,2012,1,0,0,1
Susan Francia,25,United States,2008,1,0,0,1
Susan Williams,35,United States,2004,0,0,1,1
Susie Scanlan,22,United States,2012,0,0,1,1
Swin Cash,32,United States,2012,1,0,0,1
Swin Cash,24,United States,2004,1,0,0,1
Sydney Leroux,22,United States,2012,1,0,0,1
Sylvia Fowles,26,United States,2012,1,0,0,1
Sylvia Fowles,22,United States,2008,1,0,0,1
Tairia Flowers,27,United States,2008,0,1,0,1
Tairia Flowers,23,United States,2004,1,0,0,1
Tamari Miyashiro,25,United States,2012,0,1,0,1
Tamika Catchings,33,United States,2012,1,0,0,1
Tamika Catchings,29,United States,2008,1,0,0,1
Tamika Catchings,25,United States,2004,1,0,0,1
Tammy Crow,27,United States,2004,0,0,1,1
Tanith Belbin,21,United States,2006,0,1,0,1
Tara Kirk,22,United States,2004,0,1,0,1
Tara Mounsey,23,United States,2002,0,1,0,1
Tara Nott-Cunningham,28,United States,2000,1,0,0,1
Tasha Kai,25,United States,2008,1,0,0,1
Tasha Schwikert-Warren,15,United States,2000,0,0,1,1
Taylor Ritzel,23,United States,2012,1,0,0,1
Taylor Teagarden,24,United States,2008,0,0,1,1
Tayshaun Prince,28,United States,2008,1,0,0,1
Tayyiba Haneef-Park,33,United States,2012,0,1,0,1
Tayyiba Haneef-Park,29,United States,2008,0,1,0,1
Ted Ligety,21,United States,2006,1,0,0,1
Ted Murphy,28,United States,2000,0,1,0,1
Teresa Edwards,36,United States,2000,1,0,0,1
Terin Humphrey,18,United States,2004,0,2,0,2
Terrence Jennings,26,United States,2012,0,0,1,1
Terrence Trammell,25,United States,2004,0,1,0,1
Terrence Trammell,21,United States,2000,0,1,0,1
Terry Brands,32,United States,2000,0,0,1,1
Terry Tiffee,29,United States,2008,0,0,1,1
Thalia Munro,22,United States,2004,0,0,1,1
Tianna Madison,26,United States,2012,1,0,0,1
Tiffeny Milbrett,27,United States,2000,0,1,0,1
Tim Duncan,28,United States,2004,0,0,1,1
Tim Gleason,27,United States,2010,0,1,0,1
Tim Hardaway,34,United States,2000,1,0,0,1
Tim Hutten,23,United States,2008,0,1,0,1
Tim Mack,31,United States,2004,1,0,0,1
Tim Montgomery,25,United States,2000,1,0,0,1
Tim Morehouse,30,United States,2008,0,1,0,1
Tim Thomas,35,United States,2010,0,1,0,1
Tim Young,26,United States,2000,1,0,0,1
Timothy Goebel,21,United States,2002,0,0,1,1
Tina Charles,23,United States,2012,1,0,0,1
Tina Thompson,33,United States,2008,1,0,0,1
Tina Thompson,29,United States,2004,1,0,0,1
Tobin Heath,24,United States,2012,1,0,0,1
Tobin Heath,20,United States,2008,1,0,0,1
Toby Dawson,27,United States,2006,0,0,1,1
Toby Stevenson,27,United States,2004,0,1,0,1
Todd Graves,37,United States,2000,0,0,1,1
Todd Hays,32,United States,2002,0,1,0,1
Todd Lodwick,33,United States,2010,0,1,0,1
Todd Rogers,34,United States,2008,1,0,0,1
Todd Williams,29,United States,2000,1,0,0,1
Tom Barrasso,36,United States,2002,0,1,0,1
Tom Dolan,25,United States,2000,1,1,0,2
Tom Hoff,35,United States,2008,1,0,0,1
Tom Malchow,24,United States,2000,1,0,0,1
Tom Poti,24,United States,2002,0,1,0,1
Tom Wilkens,24,United States,2000,0,0,1,1
Tommy Hannan,20,United States,2000,1,0,0,1
Tony Amonte,31,United States,2002,0,1,0,1
Tony Azevedo,26,United States,2008,0,1,0,1
Tony McQuay,22,United States,2012,0,1,0,1
Torri Edwards,23,United States,2000,0,0,1,1
Travis Dawkins,21,United States,2000,1,0,0,1
Travis Jayner,27,United States,2010,0,0,1,1
Travis Mayer,19,United States,2002,0,1,0,1
Trell Kimmons,27,United States,2012,0,1,0,1
Trevor Cahill,20,United States,2008,0,0,1,1
Trevor Marsicano,20,United States,2010,0,1,0,1
Trey Hardee,28,United States,2012,0,1,0,1
Tricia Dunn-Luoma,31,United States,2006,0,0,1,1
Tricia Dunn-Luoma,27,United States,2002,0,1,0,1
Tristan Gale,21,United States,2002,1,0,0,1
Troy Dumais,32,United States,2012,0,0,1,1
Tyler Clary,23,United States,2012,1,0,0,1
Tyler Hamilton,33,United States,2004,1,0,0,1
Tyler McGill,24,United States,2012,1,0,0,1
Tyson Chandler,29,United States,2012,1,0,0,1
Tyson Gay,30,United States,2012,0,1,0,1
Valerie Fleming,29,United States,2006,0,1,0,1
Venus Williams,20,United States,2000,2,0,0,2
Venus Williams,32,United States,2012,1,0,0,1
Venus Williams,28,United States,2008,1,0,0,1
Vic Wunderle,24,United States,2000,0,1,1,2
Vicky Galindo,24,United States,2008,0,1,0,1
Vin Baker,28,United States,2000,1,0,0,1
Vince Carter,23,United States,2000,1,0,0,1
Vincent Hancock,23,United States,2012,1,0,0,1
Vincent Hancock,19,United States,2008,1,0,0,1
Vonetta Flowers,28,United States,2002,1,0,0,1
Walter Dix,22,United States,2008,0,0,2,2
Will Claye,21,United States,2012,0,1,1,2
Will Simpson,49,United States,2008,1,0,0,1
Wyatt Allen,29,United States,2008,0,0,1,1
Wyatt Allen,25,United States,2004,1,0,0,1
Yolanda Griffith,34,United States,2004,1,0,0,1
Yolanda Griffith,30,United States,2000,1,0,0,1
Zach Parise,25,United States,2010,0,1,0,1
Zach Railey,24,United States,2008,0,1,0,1